_c0,Name,City,Cuisine Style,Ranking,Rating,Price Range,Number of Reviews,Reviews,URL_TA,ID_TA
163,Sir Hummus,Amsterdam,"[ 'Healthy', 'Middle Eastern', 'Vegetarian Friendly', 'Vegan Options', 'Gluten Free Options' ]",164.0,5.0,$,126.0,"[ [ 'Great service, great food!', 'Amazing Hummus!' ], [ '11/24/2017', '11/19/2017' ] ]",/Restaurant_Review-g188590-d7607446-Reviews-Sir_Hummus-Amsterdam_North_Holland_Province.html,d7607446
2932,Grillroom Sabba,Amsterdam,[ 'Middle Eastern' ],2942.0,2.5,$,12.0,"[ [ 'This is a great place for Shoarma', 'Amsterdam Shawarma Classic since 30 years' ], [ '11/02/2017', '05/23/2017' ] ]",/Restaurant_Review-g188590-d6464568-Reviews-Grillroom_Sabba-Amsterdam_North_Holland_Province.html,d6464568
0,Martine of Martine's Table,Amsterdam,"[ 'French', 'Dutch', 'European' ]",1.0,5.0,$$ - $$$,136.0,"[ [ 'Just like home', 'A Warm Welcome to Wintry Amsterdam' ], [ '01/03/2018', '01/01/2018' ] ]",/Restaurant_Review-g188590-d11752080-Reviews-Martine_of_Martine_s_Table-Amsterdam_North_Holland_Province.html,d11752080
3239,Reggae Rita's,Amsterdam,"[ 'Caribbean', 'Jamaican' ]","",-1.0,$$ - $$$,"","[ [ 'A TRUE BLESSING FOR YOUR STOMACH' ], [ '01/10/2018' ] ]",/Restaurant_Review-g188590-d12291891-Reviews-Reggae_Rita_s-Amsterdam_North_Holland_Province.html,d12291891
3,Vinkeles,Amsterdam,"[ 'French', 'European', 'International', 'Contemporary', 'Vegetarian Friendly', 'Vegan Options', 'Gluten Free Options' ]",4.0,5.0,$$$$,564.0,"[ [ 'True five star dinner', 'A superb evening of fine dining, hospitali...' ], [ '12/20/2017', '12/17/2017' ] ]",/Restaurant_Review-g188590-d1239229-Reviews-Vinkeles-Amsterdam_North_Holland_Province.html,d1239229
3201,Maurya Indian Restaurant,Amsterdam,"[ 'Indian', 'Asian' ]",3212.0,2.0,$$$$,51.0,"[ [ 'Caution: expensive, poor quality, less qua...', 'Rip Off Central' ], [ '05/05/2017', '08/05/2015' ] ]",/Restaurant_Review-g188590-d696972-Reviews-Maurya_Indian_Restaurant-Amsterdam_North_Holland_Province.html,d696972
1,Cinque Wine & Deli Bar,Athens,"[ 'Wine Bar', 'Greek', 'Delicatessen', 'Gluten Free Options' ]",2.0,5.0,$,1013.0,"[ [ 'One of the best restaurants we ever visite...', 'A truly delightful evening' ], [ '01/09/2018', '01/08/2018' ] ]",/Restaurant_Review-g189400-d9462540-Reviews-Cinque_Wine_Deli_Bar-Athens_Attica.html,d9462540
1747,Crepa-Crepa,Athens,[ 'Mediterranean' ],1749.0,2.5,$,2.0,"[ [ 'Order-in thumbs down' ], [ '10/08/2017' ] ]",/Restaurant_Review-g189400-d12118518-Reviews-Crepa_Crepa-Athens_Attica.html,d12118518
0,Simul Gastronomic Situ,Athens,"[ 'European', 'Vegetarian Friendly', 'Vegan Options', 'Gluten Free Options' ]",1.0,5.0,$$ - $$$,127.0,"[ [ 'Excellent experience', 'A nice surprise' ], [ '01/09/2018', '01/01/2018' ] ]",/Restaurant_Review-g189400-d9763282-Reviews-Simul_Gastronomic_Situ-Athens_Attica.html,d9763282
1749,Seirines,Athens,"[ 'Greek', 'Mediterranean' ]",1751.0,2.0,$$ - $$$,75.0,"[ [ 'Quick lunch', 'We enjoyed the Retsina' ], [ '07/10/2017', '10/21/2017' ] ]",/Restaurant_Review-g189400-d3708996-Reviews-Seirines-Athens_Attica.html,d3708996
2,Dinner in the Sky,Athens,"[ 'Mediterranean', 'European', 'Greek', 'Vegetarian Friendly', 'Vegan Options', 'Gluten Free Options' ]",3.0,5.0,$$$$,886.0,"[ [ 'Great sensorial experience', 'Perfect Way to Watch the Sunset in Athens' ], [ '12/22/2017', '11/06/2017' ] ]",/Restaurant_Review-g189400-d7825999-Reviews-Dinner_in_the_Sky-Athens_Attica.html,d7825999
1700,El Greco,Athens,[ 'Greek' ],1702.0,2.0,$$$$,27.0,"[ [ 'Lovely food with very friendly service', 'Near the acropolis and a lovely place' ], [ '10/16/2017', '10/02/2017' ] ]",/Restaurant_Review-g189400-d3862721-Reviews-El_Greco-Athens_Attica.html,d3862721
186,Comida De Olla,Barcelona,"[ 'Mediterranean', 'European', 'Spanish', 'Vegetarian Friendly', 'Vegan Options' ]",187.0,5.0,$,88.0,"[ [ 'Must try', 'POLECAM !!!‚úå' ], [ '01/06/2018', '11/20/2017' ] ]",/Restaurant_Review-g187497-d10325973-Reviews-Comida_De_Olla-Barcelona_Catalonia.html,d10325973
7783,La Petite Champagnerie,Barcelona,"[ 'International', 'Spanish' ]","",-1.0,$,"","[ [  ], [  ] ]",/Restaurant_Review-g187497-d13173275-Reviews-La_Petite_Champagnerie-Barcelona_Catalonia.html,d13173275
1,Viana,Barcelona,"[ 'International', 'Mediterranean', 'Spanish', 'Vegetarian Friendly', 'Vegan Options', 'Gluten Free Options' ]",2.0,5.0,$$ - $$$,2707.0,"[ [ 'Wow! Best ever!', 'Small menu-- GET A RESERVATION' ], [ '01/06/2018', '01/03/2018' ] ]",/Restaurant_Review-g187497-d8531409-Reviews-Viana-Barcelona_Catalonia.html,d8531409
7784,Les Dues Sicilies Rec Comtal,Barcelona,[ 'Italian' ],"",-1.0,$$ - $$$,"","[ [  ], [  ] ]",/Restaurant_Review-g187497-d13199631-Reviews-Les_Dues_Sicilies_Rec_Comtal-Barcelona_Catalonia.html,d13199631
0,Uma,Barcelona,"[ 'International', 'Mediterranean', 'Fusion', 'European', 'Spanish' ]",1.0,5.0,$$$$,792.0,"[ [ 'Perfect atmosphere and location', 'Perfection' ], [ '01/08/2018', '01/05/2018' ] ]",/Restaurant_Review-g187497-d8003030-Reviews-Uma-Barcelona_Catalonia.html,d8003030
7773,White Shisha Lounge,Barcelona,[ 'Delicatessen' ],7787.0,1.0,$$$$,"","[ [ 'Tourist extortion avoid' ], [ '11/26/2017' ] ]",/Restaurant_Review-g187497-d12457377-Reviews-White_Shisha_Lounge-Barcelona_Catalonia.html,d12457377
107,Naveena Path,Berlin,"[ 'Indian', 'Asian', 'Sri Lankan', 'Vegetarian Friendly', 'Vegan Options', 'Gluten Free Options' ]",108.0,5.0,$,423.0,"[ [ 'Mindblowing!', 'Authentic Indian food' ], [ '01/08/2018', '01/08/2018' ] ]",/Restaurant_Review-g187323-d1963405-Reviews-Naveena_Path-Berlin.html,d1963405
6362,Cafe MokannTi,Berlin,"[ 'German', 'African' ]","",-1.0,$,"","[ [  ], [  ] ]",/Restaurant_Review-g187323-d12249169-Reviews-Cafe_MokannTi-Berlin.html,d12249169
4,El Loco,Berlin,"[ 'Mexican', 'Central American', 'Vegetarian Friendly', 'Vegan Options' ]",5.0,5.0,$$ - $$$,171.0,"[ [ 'Join the Loco family üòâ', 'Best sweet potato fries!' ], [ '11/07/2017', '10/30/2017' ] ]",/Restaurant_Review-g187323-d6499724-Reviews-El_Loco-Berlin.html,d6499724
6246,ferris gastronomie,Berlin,"[ 'Italian', 'Pizza', 'European' ]",6248.0,2.0,$$ - $$$,98.0,"[ [ 'Just not the dame', 'Avoid this Place at all costs' ], [ '12/01/2017', '09/18/2017' ] ]",/Restaurant_Review-g187323-d3225042-Reviews-Ferris_gastronomie-Berlin.html,d3225042
255,Tulus Lotrek,Berlin,[ 'Vegetarian Friendly' ],256.0,5.0,$$$$,55.0,"[ [ 'Wow! What an experience!', 'Find your happiness here!' ], [ '11/28/2017', '10/17/2017' ] ]",/Restaurant_Review-g187323-d8829808-Reviews-Tulus_Lotrek-Berlin.html,d8829808
608,borchardt,Berlin,"[ 'French', 'German', 'Austrian', 'European', 'Central European', 'Vegetarian Friendly' ]",609.0,3.5,$$$$,1399.0,"[ [ 'Very good schnitzel', 'Dinner' ], [ '01/03/2018', '12/30/2017' ] ]",/Restaurant_Review-g187323-d692568-Reviews-Borchardt-Berlin.html,d692568
32,Drak&Finch,Bratislava,"[ 'International', 'European', 'Cafe', 'Central European', 'Vegetarian Friendly' ]",33.0,5.0,$,36.0,"[ [ 'Brunch', 'Good Brunch in Drak&Finch' ], [ '02/10/2018', '02/10/2018' ] ]",/Restaurant_Review-g274924-d12287295-Reviews-Drak_Finch-Bratislava_Bratislava_Region.html,d12287295
884,Crepes Kiss Palacinky,Bratislava,[ 'French' ],886.0,1.0,$,"","[ [  ], [  ] ]",/Restaurant_Review-g274924-d8660552-Reviews-Crepes_Kiss_Palacinky-Bratislava_Bratislava_Region.html,d8660552
49,Samovar,Bratislava,"[ 'Central European', 'Russian', 'Vegetarian Friendly' ]",50.0,5.0,$$ - $$$,49.0,"[ [ '–û—á–µ–Ω—å –≤–∫—É—Å–Ω–æ!!', 'Russian corner' ], [ '11/11/2017', '09/05/2017' ] ]",/Restaurant_Review-g274924-d5048796-Reviews-Samovar-Bratislava_Bratislava_Region.html,d5048796
843,Jimmy's,Bratislava,"[ 'European', 'Eastern European' ]",844.0,2.0,$$ - $$$,187.0,"[ [ 'There is better places in Bratislava than...', 'Good location but bad service' ], [ '07/18/2017', '07/12/2017' ] ]",/Restaurant_Review-g274924-d2282552-Reviews-Jimmy_s-Bratislava_Bratislava_Region.html,d2282552
112,Baroza Restaurant & Bistro,Bratislava,"[ 'European', 'Central European', 'Vegetarian Friendly' ]",113.0,5.0,$$$$,15.0,"[ [ 'One of our favourite restaurants in Bratis...', 'Amazing food and warm atmosphere' ], [ '01/04/2018', '09/10/2017' ] ]",/Restaurant_Review-g274924-d11873651-Reviews-Baroza_Restaurant_Bistro-Bratislava_Bratislava_Region.html,d11873651
29,UFO,Bratislava,"[ 'European', 'Central European', 'Vegetarian Friendly', 'Vegan Options', 'Gluten Free Options' ]",30.0,4.0,$$$$,793.0,"[ [ 'Great views and drink selection', 'Very good view' ], [ '02/20/2018', '02/14/2018' ] ]",/Restaurant_Review-g274924-d697355-Reviews-UFO-Bratislava_Bratislava_Region.html,d697355
1,Tonton Garby,Brussels,"[ 'Belgian', 'European', 'Vegetarian Friendly', 'Vegan Options' ]",2.0,5.0,$,1141.0,"[ [ 'So happy we went here', 'Amazing' ], [ '02/24/2018', '02/21/2018' ] ]",/Restaurant_Review-g188644-d5826726-Reviews-Tonton_Garby-Brussels.html,d5826726
2985,O'tacos,Brussels,[ 'Mexican' ],2986.0,1.5,$,18.0,"[ [ 'Never expect worse', 'Ow lord they did that taco wrong' ], [ '02/04/2018', '01/17/2018' ] ]",/Restaurant_Review-g188644-d12770536-Reviews-O_tacos-Brussels.html,d12770536
127,Chez Bobonne,Brussels,"[ 'Belgian', 'Brew Pub', 'Bar', 'European', 'Pub', 'Healthy', 'Vegetarian Friendly' ]",128.0,5.0,$$ - $$$,30.0,"[ [ 'Great food and original beers', 'Great place!' ], [ '02/09/2018', '02/07/2018' ] ]",/Restaurant_Review-g188644-d12428263-Reviews-Chez_Bobonne-Brussels.html,d12428263
3009,Belga & Co,Brussels,[ 'European' ],"",-1.0,$$ - $$$,"","[ [  ], [  ] ]",/Restaurant_Review-g188644-d13531979-Reviews-Belga_Co-Brussels.html,d13531979
0,Le Rabassier,Brussels,"[ 'Belgian', 'European', 'French', 'Vegetarian Friendly', 'Gluten Free Options' ]",1.0,5.0,$$$$,525.0,"[ [ 'Birthday treated that was worth the trip!', 'A night to remember!' ], [ '02/23/2018', '02/18/2018' ] ]",/Restaurant_Review-g188644-d6732421-Reviews-Le_Rabassier-Brussels.html,d6732421
3000,la homarderie,Brussels,"[ 'Belgian', 'European' ]",2999.0,1.0,$$$$,2.0,"[ [  ], [  ] ]",/Restaurant_Review-g188644-d1117565-Reviews-La_homarderie-Brussels.html,d1117565
1,Bors GasztroBar,Budapest,"[ 'Fast Food', 'International', 'European', 'Street Food', 'Soups', 'Hungarian', 'Vegetarian Friendly', 'Vegan Options', 'Gluten Free Options' ]",2.0,5.0,$,2373.0,"[ [ 'The best of soup & sandwich', 'DO YOURSELF A SOLID, eat here.' ], [ '01/07/2018', '01/06/2018' ] ]",/Restaurant_Review-g274887-d3700225-Reviews-Bors_GasztroBar-Budapest_Central_Hungary.html,d3700225
2429,Club9 Restaurant and Drink Bar,Budapest,"[ 'American', 'International', 'European', 'Hungarian' ]",2434.0,1.0,$,"","[ [  ], [  ] ]",/Restaurant_Review-g274887-d10733899-Reviews-Club9_Restaurant_and_Drink_Bar-Budapest_Central_Hungary.html,d10733899
0,Comme Chez Soi,Budapest,"[ 'Italian', 'Mediterranean', 'European', 'Hungarian', 'Vegetarian Friendly', 'Gluten Free Options' ]",1.0,5.0,$$ - $$$,4437.0,"[ [ 'Great place!', 'Best best best' ], [ '01/07/2018', '01/05/2018' ] ]",/Restaurant_Review-g274887-d794237-Reviews-Comme_Chez_Soi-Budapest_Central_Hungary.html,d794237
2423,Anzo Menza,Budapest,"[ 'European', 'Hungarian' ]",2424.0,1.0,$$ - $$$,"","[ [  ], [  ] ]",/Restaurant_Review-g274887-d8819098-Reviews-Anzo_Menza-Budapest_Central_Hungary.html,d8819098
4,Caviar&Bull,Budapest,"[ 'Seafood', 'International', 'Mediterranean', 'European', 'Central European', 'Vegetarian Friendly', 'Vegan Options', 'Gluten Free Options' ]",5.0,5.0,$$$$,563.0,"[ [ 'Wonderful in every way', 'Superbe culinary experience' ], [ '01/08/2018', '01/08/2018' ] ]",/Restaurant_Review-g274887-d12503281-Reviews-Caviar_Bull-Budapest_Central_Hungary.html,d12503281
2416,Barba Pizza & Kitchen,Budapest,"[ 'Italian', 'European', 'Hungarian' ]",2417.0,1.5,$$$$,2.0,"[ [ 'Pizza and dessert delivered', 'Good Pizza but delivery is a DISASTER' ], [ '12/30/2017', '12/19/2017' ] ]",/Restaurant_Review-g274887-d13112130-Reviews-Barba_Pizza_Kitchen-Budapest_Central_Hungary.html,d13112130
2,Grams Laekkerier (closed to 8. jan.),Copenhagen,"[ 'Cafe', 'Fast Food', 'European', 'Soups', 'Danish', 'Vegetarian Friendly', 'Vegan Options', 'Gluten Free Options' ]",3.0,5.0,$,550.0,"[ [ 'Very friendly and excellent sandwiches!', 'Highly recommended' ], [ '01/02/2018', '12/18/2017' ] ]",/Restaurant_Review-g189541-d1145867-Reviews-Grams_Laekkerier_closed_to_8_jan-Copenhagen_Zealand.html,d1145867
1946,Dan Dan Restaurant,Copenhagen,"[ 'Chinese', 'Asian', 'Japanese', 'Sushi' ]",1951.0,1.5,$,26.0,"[ [ 'Health hazard!', 'Just nope' ], [ '12/11/2015', '11/23/2015' ] ]",/Restaurant_Review-g189541-d6825591-Reviews-Dan_Dan_Restaurant-Copenhagen_Zealand.html,d6825591
0,Zahida at Westmarket,Copenhagen,"[ 'Indian', 'Middle Eastern', 'Pakistani', 'Vegetarian Friendly', 'Vegan Options', 'Gluten Free Options' ]",1.0,5.0,$$ - $$$,408.0,"[ [ 'Pakistani food from the heart', 'DELICIOUS FUN' ], [ '12/30/2017', '12/30/2017' ] ]",/Restaurant_Review-g189541-d12214757-Reviews-Zahida_at_Westmarket-Copenhagen_Zealand.html,d12214757
1959,Star Midnight Kebab-Grill,Copenhagen,"[ 'Grill', 'Middle Eastern' ]",1964.0,1.0,$$ - $$$,"","[ [  ], [  ] ]",/Restaurant_Review-g189541-d805474-Reviews-Star_Midnight_Kebab_Grill-Copenhagen_Zealand.html,d805474
1,Restaurant Krebsegaarden,Copenhagen,"[ 'European', 'Scandinavian', 'Danish', 'Norwegian', 'Vegetarian Friendly', 'Vegan Options', 'Gluten Free Options' ]",2.0,5.0,$$$$,1071.0,"[ [ 'Delightful, Delicious, Warm & Affordable', 'Simply Amazing' ], [ '01/04/2018', '12/24/2017' ] ]",/Restaurant_Review-g189541-d808246-Reviews-Restaurant_Krebsegaarden-Copenhagen_Zealand.html,d808246
1964,Karma Sushi Kodbyen,Copenhagen,"[ 'Japanese', 'Sushi' ]","",-1.0,$$$$,"","[ [ 'Nice atmosphere and friendly staff' ], [ '01/08/2018' ] ]",/Restaurant_Review-g189541-d12908220-Reviews-Karma_Sushi_Kodbyen-Copenhagen_Zealand.html,d12908220
208,Tang Cafe,Dublin,"[ 'Cafe', 'Healthy', 'Middle Eastern', 'Vegetarian Friendly', 'Vegan Options', 'Gluten Free Options' ]",209.0,5.0,$,53.0,"[ [ 'Quick bite', 'Great food, great people' ], [ '12/16/2017', '12/14/2017' ] ]",/Restaurant_Review-g186605-d10387074-Reviews-Tang_Cafe-Dublin_County_Dublin.html,d10387074
1916,The Cafe at Debenhams,Dublin,"[ 'Cafe', 'British' ]",1922.0,2.0,$,14.0,"[ [ 'Patisserie Valerie-a huge disappointment', 'disappointing' ], [ '10/02/2017', '09/01/2017' ] ]",/Restaurant_Review-g186605-d10300492-Reviews-The_Cafe_at_Debenhams-Dublin_County_Dublin.html,d10300492
97,Urbanity Coffee,Dublin,"[ 'Irish', 'Cafe', 'European', 'Healthy', 'Vegetarian Friendly', 'Vegan Options', 'Gluten Free Options' ]",98.0,5.0,$$ - $$$,112.0,"[ [ 'Excellent upmarket breakfast with many veg...', 'Lovely lattes' ], [ '01/09/2018', '01/07/2018' ] ]",/Restaurant_Review-g186605-d9976712-Reviews-Urbanity_Coffee-Dublin_County_Dublin.html,d9976712
1951,Cusack's Restaurant,Dublin,[ 'Contemporary' ],1959.0,1.0,$$ - $$$,"","[ [ 'Horrendous' ], [ '04/13/2008' ] ]",/Restaurant_Review-g186605-d1314212-Reviews-Cusack_s_Restaurant-Dublin_County_Dublin.html,d1314212
229,Heron & Grey,Dublin,"[ 'Irish', 'European', 'Vegetarian Friendly', 'Gluten Free Options' ]",230.0,5.0,$$$$,73.0,"[ [ 'Best meal of my life', 'Outstanding experience' ], [ '11/23/2017', '11/15/2017' ] ]",/Restaurant_Review-g186605-d9856233-Reviews-Heron_Grey-Dublin_County_Dublin.html,d9856233
1417,The Garden Room,Dublin,"[ 'Irish', 'European' ]",1421.0,3.5,$$$$,12.0,"[ [ 'Disappointed', 'Lovely setting but...other elements not qu...' ], [ '12/16/2017', '12/10/2017' ] ]",/Restaurant_Review-g186605-d12874493-Reviews-The_Garden_Room-Dublin_County_Dublin.html,d12874493
180,Nutan's,Edinburgh,"[ 'Indian', 'Asian', 'Vegetarian Friendly', 'Vegan Options', 'Gluten Free Options' ]",181.0,5.0,$,129.0,"[ [ 'Wonderful!', 'Hands down the best Indian restaurant in E...' ], [ '01/11/2018', '01/08/2018' ] ]",/Restaurant_Review-g186525-d8083789-Reviews-Nutan_s-Edinburgh_Scotland.html,d8083789
1745,Burger King - Fort Kinnaird,Edinburgh,[ 'Fast Food' ],1753.0,1.5,$,17.0,"[ [ 'Unbelievable', 'Drive thro service shocking' ], [ '10/21/2017', '10/12/2017' ] ]",/Restaurant_Review-g186525-d7994873-Reviews-Burger_King_Fort_Kinnaird-Edinburgh_Scotland.html,d7994873
1,Forage & Chatter,Edinburgh,"[ 'European', 'British', 'Scottish', 'Vegetarian Friendly', 'Vegan Options', 'Gluten Free Options' ]",2.0,5.0,$$ - $$$,772.0,"[ [ 'The pesto offered with the fresh dough bal...', 'Fabulous meal' ], [ '01/11/2018', '01/10/2018' ] ]",/Restaurant_Review-g186525-d11722138-Reviews-Forage_Chatter-Edinburgh_Scotland.html,d11722138
1756,The Pizza King,Edinburgh,"[ 'American', 'Italian', 'Pizza' ]",1764.0,1.0,$$ - $$$,"","[ [ 'Oh dear.' ], [ '12/04/2015' ] ]",/Restaurant_Review-g186525-d5816356-Reviews-The_Pizza_King-Edinburgh_Scotland.html,d5816356
0,The Table,Edinburgh,"[ 'European', 'British', 'Scottish' ]",1.0,5.0,$$$$,263.0,"[ [ 'Unforgettable', 'GROUP DINING EXPERIENCE DIFFICULT TO BEAT' ], [ '01/10/2018', '01/09/2018' ] ]",/Restaurant_Review-g186525-d8479434-Reviews-The_Table-Edinburgh_Scotland.html,d8479434
1478,Barburrito,Edinburgh,[ 'Mexican' ],1481.0,3.5,$$$$,14.0,"[ [ 'Evening quick snack supper', 'Mediocre at Best' ], [ '08/17/2017', '07/26/2017' ] ]",/Restaurant_Review-g186525-d11978531-Reviews-Barburrito-Edinburgh_Scotland.html,d11978531
78,L'amazona,Geneva,"[ 'Latin', 'Venezuelan', 'South American', 'Central American', 'Vegetarian Friendly' ]",79.0,5.0,$,43.0,"[ [ 'Excellent cachapas !', 'Venezuelan food' ], [ '01/06/2018', '11/18/2017' ] ]",/Restaurant_Review-g188057-d10044569-Reviews-L_amazona-Geneva.html,d10044569
1369,Nyaree Restaurant,Geneva,[ 'Thai' ],1376.0,2.5,$,14.0,"[ [ 'HORRIBLE!!! Terrible!!!', 'Good solution for eating in' ], [ '12/22/2017', '04/25/2016' ] ]",/Restaurant_Review-g188057-d6749625-Reviews-Nyaree_Restaurant-Geneva.html,d6749625
130,Kozan Restaurant Japonais,Geneva,"[ 'Japanese', 'Sushi' ]",131.0,5.0,$$ - $$$,19.0,"[ [ 'So goodddd', 'One of the best' ], [ '01/08/2018', '10/08/2017' ] ]",/Restaurant_Review-g188057-d12690056-Reviews-Kozan_Restaurant_Japonais-Geneva.html,d12690056
1391,Domino's Pizza,Geneva,[ 'Pizza' ],1398.0,2.0,$$ - $$$,12.0,"[ [ 'Fairly not as good as expected...' ], [ '05/25/2017' ] ]",/Restaurant_Review-g188057-d810437-Reviews-Domino_s_Pizza-Geneva.html,d810437
11,Fiskebar,Geneva,"[ 'Seafood', 'Scandinavian', 'French', 'European', 'Vegetarian Friendly' ]",12.0,5.0,$$$$,54.0,"[ [ 'Wonderful dinner and experience', 'Extraordinary culinary execution' ], [ '12/23/2017', '12/09/2017' ] ]",/Restaurant_Review-g188057-d12907952-Reviews-Fiskebar-Geneva.html,d12907952
1226,GTR,Geneva,"[ 'Italian', 'French', 'Barbecue' ]",1232.0,3.0,$$$$,9.0,"[ [ 'Delicious' ], [ '10/20/2016' ] ]",/Restaurant_Review-g188057-d10820981-Reviews-GTR-Geneva.html,d10820981
96,NOM vietnamesisches Restaurant,Hamburg,"[ 'Asian', 'Fusion', 'Vietnamese', 'Vegetarian Friendly', 'Vegan Options' ]",97.0,5.0,$,59.0,"[ [ 'Amazing Duck Curry!', 'Nom-ilicious, super food!' ], [ '01/08/2018', '11/28/2017' ] ]",/Restaurant_Review-g187331-d12732323-Reviews-NOM_vietnamesisches_Restaurant-Hamburg.html,d12732323
2668,Le Buffet,Hamburg,[ 'International' ],2676.0,2.0,$,"","[ [  ], [  ] ]",/Restaurant_Review-g187331-d12932686-Reviews-Le_Buffet-Hamburg.html,d12932686
0,Restaurant Hala,Hamburg,"[ 'Lebanese', 'Mediterranean', 'Middle Eastern', 'Vegetarian Friendly', 'Vegan Options', 'Halal', 'Gluten Free Options' ]",1.0,5.0,$$ - $$$,373.0,"[ [ 'Beautiful restaurant, excellent food & ser...', 'Absolutely fantastic' ], [ '12/29/2017', '12/24/2017' ] ]",/Restaurant_Review-g187331-d3929905-Reviews-Restaurant_Hala-Hamburg.html,d3929905
2579,Bei Teresa,Hamburg,"[ 'European', 'Central European', 'German' ]",2585.0,2.5,$$ - $$$,38.0,"[ [ 'A beer in the sun', 'Pratical' ], [ '10/23/2017', '09/27/2017' ] ]",/Restaurant_Review-g187331-d7251914-Reviews-Bei_Teresa-Hamburg.html,d7251914
12,The Table Kevin Fehling,Hamburg,"[ 'European', 'Vegetarian Friendly' ]",13.0,5.0,$$$$,120.0,"[ [ 'Elaborate dishes, a plethora of tastes', '(Almost) perfect' ], [ '10/29/2017', '10/09/2017' ] ]",/Restaurant_Review-g187331-d8561371-Reviews-The_Table_Kevin_Fehling-Hamburg.html,d8561371
2177,Anna Sgroi,Hamburg,"[ 'Italian', 'Vegetarian Friendly' ]",2181.0,3.0,$$$$,123.0,"[ [ 'Delicious ravioli but fish was well and tr...', 'Decent but flawed' ], [ '12/30/2017', '11/14/2017' ] ]",/Restaurant_Review-g187331-d4115001-Reviews-Anna_Sgroi-Hamburg.html,d4115001
152,Cafe' Rouge,Helsinki,"[ 'Cafe', 'Middle Eastern', 'European', 'Vegetarian Friendly', 'Vegan Options' ]",153.0,5.0,$,32.0,"[ [ 'Really excellent lunch', 'Fantastic food, fantastic service, fantast...' ], [ '11/09/2017', '09/08/2017' ] ]",/Restaurant_Review-g189934-d6028615-Reviews-Cafe_Rouge-Helsinki_Uusimaa.html,d6028615
1093,Bistro Piratti,Helsinki,"[ 'Bar', 'Pub' ]",1094.0,2.0,$,3.0,"[ [ 'Popular in 80s', 'Old and dirty - with lousy service' ], [ '12/05/2014', '07/20/2014' ] ]",/Restaurant_Review-g189934-d878261-Reviews-Bistro_Piratti-Helsinki_Uusimaa.html,d878261
53,Sushi Wagocoro,Helsinki,"[ 'Japanese', 'Sushi', 'Asian', 'Vegetarian Friendly', 'Vegan Options', 'Gluten Free Options' ]",54.0,5.0,$$ - $$$,84.0,"[ [ 'Amazingly delicious sushi', 'Astonishingly good sushi' ], [ '11/10/2017', '10/30/2017' ] ]",/Restaurant_Review-g189934-d4707794-Reviews-Sushi_Wagocoro-Helsinki_Uusimaa.html,d4707794
1127,Spasso,Helsinki,"[ 'Italian', 'Pizza' ]",1128.0,2.0,$$ - $$$,5.0,"[ [  ], [  ] ]",/Restaurant_Review-g189934-d12321557-Reviews-Spasso-Helsinki_Uusimaa.html,d12321557
0,Finnjavel,Helsinki,"[ 'European', 'Scandinavian', 'Vegetarian Friendly', 'Gluten Free Options' ]",1.0,4.5,$$$$,305.0,"[ [ 'Fantastic Taste of Finland', 'Modern Finnish Cuisine....super service' ], [ '01/06/2018', '01/02/2018' ] ]",/Restaurant_Review-g189934-d10179471-Reviews-Finnjavel-Helsinki_Uusimaa.html,d10179471
654,Neighbour Bistro,Helsinki,"[ 'Contemporary', 'Scandinavian', 'European' ]",655.0,3.5,$$$$,22.0,"[ [ 'Nice view, food ok', 'Good food and great view' ], [ '10/11/2017', '08/12/2017' ] ]",/Restaurant_Review-g189934-d12448314-Reviews-Neighbour_Bistro-Helsinki_Uusimaa.html,d12448314
84,M22 Beef'N'Chips,Krakow,"[ 'American', 'Bar', 'Fast Food' ]",85.0,5.0,$,114.0,"[ [ 'Best burgers in Krak√≥w', 'Krakow best burger joint' ], [ '11/30/2017', '10/20/2017' ] ]",/Restaurant_Review-g274772-d7309089-Reviews-M22_Beef_N_Chips-Krakow_Lesser_Poland_Province_Southern_Poland.html,d7309089
1242,Alberto Pizza,Krakow,[ 'Italian' ],"",-1.0,$,"","[ [  ], [  ] ]",/Restaurant_Review-g274772-d12374737-Reviews-Alberto_Pizza-Krakow_Lesser_Poland_Province_Southern_Poland.html,d12374737
0,Gossip Cafe,Krakow,"[ 'Polish', 'Cafe', 'European', 'Vegetarian Friendly', 'Vegan Options', 'Gluten Free Options' ]",1.0,5.0,$$ - $$$,171.0,"[ [ 'Delicious breakfast', 'Very good' ], [ '01/08/2018', '01/03/2018' ] ]",/Restaurant_Review-g274772-d10086671-Reviews-Gossip_Cafe-Krakow_Lesser_Poland_Province_Southern_Poland.html,d10086671
1231,Pizza Hut,Krakow,[ 'Pizza' ],1232.0,2.0,$$ - $$$,71.0,"[ [ 'Worst service ever', 'Watch out for the conning waitress!' ], [ '09/07/2017', '02/12/2017' ] ]",/Restaurant_Review-g274772-d8177858-Reviews-Pizza_Hut-Krakow_Lesser_Poland_Province_Southern_Poland.html,d8177858
90,Bottiglieria 1881,Krakow,"[ 'European', 'Wine Bar', 'Central European', 'Vegetarian Friendly', 'Gluten Free Options' ]",91.0,5.0,$$$$,149.0,"[ [ 'Very special', 'Bday dinner' ], [ '01/07/2018', '12/31/2017' ] ]",/Restaurant_Review-g274772-d6027764-Reviews-Bottiglieria_1881-Krakow_Lesser_Poland_Province_Southern_Poland.html,d6027764
910,Avanti Ristorante,Krakow,[ 'Italian' ],911.0,3.5,$$$$,22.0,"[ [ 'Rubbish', 'Very good value' ], [ '03/06/2014', '06/16/2013' ] ]",/Restaurant_Review-g274772-d753344-Reviews-Avanti_Ristorante-Krakow_Lesser_Poland_Province_Southern_Poland.html,d753344
0,Estamine Art Food Drink,Lisbon,"[ 'Bar', 'Pub', 'Healthy', 'Brazilian', 'Vegetarian Friendly', 'Vegan Options', 'Gluten Free Options' ]",1.0,5.0,$,327.0,"[ [ 'Fabulous food and people - book in advance...', 'Best mojitos in Lisbon!' ], [ '02/24/2018', '02/17/2018' ] ]",/Restaurant_Review-g189158-d8574693-Reviews-Estamine_Art_Food_Drink-Lisbon_Lisbon_District_Central_Portugal.html,d8574693
3696,Cinque Terre Lounge,Lisbon,[ 'Italian' ],3701.0,1.0,$,"","[ [ 'A place to avoid at all costs!' ], [ '09/18/2017' ] ]",/Restaurant_Review-g189158-d12748770-Reviews-Cinque_Terre_Lounge-Lisbon_Lisbon_District_Central_Portugal.html,d12748770
2,La Buvette da Mae d'Agua,Lisbon,"[ 'French', 'Mediterranean', 'Healthy', 'Portuguese', 'European', 'Vegetarian Friendly', 'Vegan Options', 'Gluten Free Options' ]",3.0,5.0,$$ - $$$,177.0,"[ [ 'A little gem in Lisbon', 'Unexpected gastronomic experience' ], [ '02/24/2018', '02/21/2018' ] ]",/Restaurant_Review-g189158-d12351853-Reviews-La_Buvette_da_Mae_d_Agua-Lisbon_Lisbon_District_Central_Portugal.html,d12351853
3687,Made in Correeiros,Lisbon,"[ 'European', 'Portuguese', 'Seafood' ]",3692.0,1.0,$$ - $$$,597.0,"[ [ 'Very bad restauration', 'Worst experience of my life!' ], [ '01/28/2018', '01/15/2018' ] ]",/Restaurant_Review-g189158-d12714847-Reviews-Made_in_Correeiros-Lisbon_Lisbon_District_Central_Portugal.html,d12714847
386,Restaurante Porter,Lisbon,"[ 'Bar', 'Cafe', 'European', 'Contemporary', 'Pub', 'Portuguese', 'Vegetarian Friendly' ]",387.0,5.0,$$$$,37.0,"[ [ 'Beautiful place.', 'Lovely birthday celebration' ], [ '02/14/2018', '02/07/2018' ] ]",/Restaurant_Review-g189158-d12998195-Reviews-Restaurante_Porter-Lisbon_Lisbon_District_Central_Portugal.html,d12998195
3690,Antao Santos e Martins,Lisbon,"[ 'European', 'Portuguese', 'Seafood' ]",3695.0,1.0,$$$$,25.0,"[ [ 'Useless and a rip-off!', 'Thieving toads' ], [ '02/14/2018', '02/14/2018' ] ]",/Restaurant_Review-g189158-d12285117-Reviews-Antao_Santos_e_Martins-Lisbon_Lisbon_District_Central_Portugal.html,d12285117
13,Fari's Delice,Ljubljana,"[ 'Fast Food', 'Middle Eastern', 'Persian', 'Vegetarian Friendly', 'Vegan Options', 'Halal', 'Gluten Free Options' ]",14.0,5.0,$,147.0,"[ [ 'Perfect for the love-birds!', 'The chicken file left me speechless' ], [ '01/02/2018', '12/11/2017' ] ]",/Restaurant_Review-g274873-d8763649-Reviews-Fari_s_Delice-Ljubljana_Upper_Carniola_Region.html,d8763649
456,HALO PINKI d.o.o.,Ljubljana,"[ 'Mexican', 'Pizza', 'Grill' ]",457.0,2.5,$,4.0,"[ [ 'Longest food delivery - EVER!', 'Home delivery' ], [ '11/24/2017', '08/06/2017' ] ]",/Restaurant_Review-g274873-d6459339-Reviews-HALO_PINKI_d_o_o-Ljubljana_Upper_Carniola_Region.html,d6459339
30,Vineria Del Ponte,Ljubljana,"[ 'Wine Bar', 'Slovenian' ]",31.0,5.0,$$ - $$$,81.0,"[ [ 'Great wine shop', 'Wonderful introduction to local wines and...' ], [ '01/08/2018', '12/11/2017' ] ]",/Restaurant_Review-g274873-d7992612-Reviews-Vineria_Del_Ponte-Ljubljana_Upper_Carniola_Region.html,d7992612
461,Spica Caffe,Ljubljana,[ 'Cafe' ],462.0,2.0,$$ - $$$,21.0,"[ [ 'Fantastic location, bad and slow service', 'Early evening drink - perfect in summer' ], [ '05/20/2017', '11/24/2017' ] ]",/Restaurant_Review-g274873-d8489734-Reviews-Spica_Caffe-Ljubljana_Upper_Carniola_Region.html,d8489734
260,Wine boutique DEKANTER,Ljubljana,"[ 'European', 'Slovenian', 'Wine Bar' ]",261.0,5.0,$$$$,2.0,"[ [ 'Quirky wine shop with amazing Slovenian wi...' ], [ '07/11/2016' ] ]",/Restaurant_Review-g274873-d8624973-Reviews-Wine_boutique_DEKANTER-Ljubljana_Upper_Carniola_Region.html,d8624973
455,Biljardnica Kaval,Ljubljana,"[ 'Italian', 'Pizza' ]",456.0,2.5,$$$$,2.0,"[ [ 'GOOD FOOD, TERRIBLE SERVICE', 'Great Homemade Ravioli' ], [ '10/12/2017', '08/27/2017' ] ]",/Restaurant_Review-g274873-d12442814-Reviews-Biljardnica_Kaval-Ljubljana_Upper_Carniola_Region.html,d12442814
9,Pizza Union Aldgate,London,"[ 'Italian', 'Pizza', 'Fast Food', 'Vegetarian Friendly', 'Vegan Options', 'Gluten Free Options' ]",10.0,5.0,$,369.0,"[ [ 'Fast and tasty', 'Great pizza' ], [ '01/07/2018', '01/04/2018' ] ]",/Restaurant_Review-g186338-d12379859-Reviews-Pizza_Union_Aldgate-London_England.html,d12379859
16291,Domino's Pizza- Crystal Palace,London,[ 'Pizza' ],16303.0,1.0,$,8.0,"[ [ 'Terrible customer service, my daughter did...', 'Worst experience ever!' ], [ '07/20/2017', '06/16/2017' ] ]",/Restaurant_Review-g186338-d5818787-Reviews-Domino_s_Pizza_Crystal_Palace-London_England.html,d5818787
0,R & H cafe gallery,London,"[ 'Cafe', 'Middle Eastern', 'Persian', 'Vegetarian Friendly', 'Vegan Options', 'Gluten Free Options' ]",1.0,5.0,$$ - $$$,146.0,"[ [ 'Amazing cakes', 'Breakfatst' ], [ '01/08/2018', '01/03/2018' ] ]",/Restaurant_Review-g186338-d10517849-Reviews-R_H_cafe_gallery-London_England.html,d10517849
16424,Roti Kitchen Limited,London,"[ 'Caribbean', 'Cajun & Creole', 'Fast Food' ]","",-1.0,$$ - $$$,5.0,"[ [ 'The authentic taste of the Caribbean', 'Roti Kitchen CONTINUE to improve!!!' ], [ '01/08/2018', '01/08/2018' ] ]",/Restaurant_Review-g186338-d12964249-Reviews-Roti_Kitchen_Limited-London_England.html,d12964249
1,Osteria Romana,London,"[ 'Italian', 'Mediterranean', 'Vegetarian Friendly' ]",2.0,5.0,$$$$,112.0,"[ [ 'Small restaurant with the touch of Italian...', 'One of the best' ], [ '01/07/2018', '01/07/2018' ] ]",/Restaurant_Review-g186338-d13149344-Reviews-Osteria_Romana-London_England.html,d13149344
16322,Bertorelli - Fetter Lane,London,[ 'Italian' ],16337.0,1.0,$$$$,2.0,"[ [ 'Went here, had the WORST MEAL ever', 'Do yourself a favour and walk past this pl...' ], [ '12/20/2016', '12/16/2009' ] ]",/Restaurant_Review-g186338-d1421041-Reviews-Bertorelli_Fetter_Lane-London_England.html,d1421041
75,La Piazzetta,Luxembourg,"[ 'Italian', 'Mediterranean', 'European', 'Pizza', 'Vegetarian Friendly' ]",76.0,5.0,$,27.0,"[ [ 'Amazing lunch', 'Finally good Italian food' ], [ '10/17/2017', '08/21/2017' ] ]",/Restaurant_Review-g190356-d6959707-Reviews-La_Piazzetta-Luxembourg_City.html,d6959707
552,Bak Gi Bo,Luxembourg,[ 'Chinese' ],553.0,3.0,$,6.0,"[ [ 'Friendly Service and Good Food', 'Fast and cheap' ], [ '07/29/2017', '04/09/2016' ] ]",/Restaurant_Review-g190356-d7908079-Reviews-Bak_Gi_Bo-Luxembourg_City.html,d7908079
29,Pizzeria bei der Auer,Luxembourg,"[ 'Italian', 'Pizza', 'Seafood', 'Mediterranean', 'Vegetarian Friendly' ]",30.0,5.0,$$ - $$$,39.0,"[ [ 'Best Pizza in Town !!!!!', 'Really good Resteraunt' ], [ '10/17/2017', '06/21/2017' ] ]",/Restaurant_Review-g190356-d10446541-Reviews-Pizzeria_bei_der_Auer-Luxembourg_City.html,d10446541
608,Chinese Emperor Restaurant,Luxembourg,"[ 'Chinese', 'Asian' ]",609.0,2.0,$$ - $$$,58.0,"[ [ 'Very nice New Year‚Äôs Eve dinner!', 'The worse ever restaurant!!!!' ], [ '12/31/2017', '09/21/2017' ] ]",/Restaurant_Review-g190356-d743810-Reviews-Chinese_Emperor_Restaurant-Luxembourg_City.html,d743810
327,Mu Luxembourg,Luxembourg,"[ 'French', 'Steakhouse', 'European', 'Contemporary', 'Pub', 'Gastropub' ]",328.0,5.0,$$$$,2.0,"[ [ 'Great views; great beef' ], [ '11/30/2017' ] ]",/Restaurant_Review-g190356-d13130116-Reviews-Mu_Luxembourg-Luxembourg_City.html,d13130116
612,Anabanana,Luxembourg,"[ 'Soups', 'Vegetarian Friendly' ]",613.0,2.5,$$$$,25.0,"[ [ 'First and last time', 'Very good dinner' ], [ '05/22/2016', '03/04/2016' ] ]",/Restaurant_Review-g190356-d2104395-Reviews-Anabanana-Luxembourg_City.html,d2104395
75,Le Book-Lard,Lyon,"[ 'French', 'Bar', 'European', 'Gastropub' ]",76.0,5.0,$,86.0,"[ [ 'Local Lyon', 'Stunning' ], [ '01/12/2018', '12/09/2017' ] ]",/Restaurant_Review-g187265-d9701744-Reviews-Le_Book_Lard-Lyon_Rhone_Auvergne_Rhone_Alpes.html,d9701744
2636,Burger King,Lyon,[ 'American' ],2637.0,1.5,$,36.0,"[ [ 'Very good' ], [ '08/02/2017' ] ]",/Restaurant_Review-g1166685-d12499542-Reviews-Burger_King-Saint_Priest_Lyon_Rhone_Auvergne_Rhone_Alpes.html,d12499542
0,Aromatic,Lyon,"[ 'French', 'European', 'Vegetarian Friendly', 'Vegan Options', 'Gluten Free Options' ]",1.0,5.0,$$ - $$$,347.0,"[ [ 'Recommended', 'Taste and welcoming' ], [ '08/30/2017', '08/26/2017' ] ]",/Restaurant_Review-g187265-d12337867-Reviews-Aromatic-Lyon_Rhone_Auvergne_Rhone_Alpes.html,d12337867
2661,La Zinguette,Lyon,[ 'French' ],2663.0,1.0,$$ - $$$,"","[ [  ], [  ] ]",/Restaurant_Review-g187265-d12433598-Reviews-La_Zinguette-Lyon_Rhone_Auvergne_Rhone_Alpes.html,d12433598
32,Le Supreme,Lyon,"[ 'French', 'European', 'Pub', 'Gastropub' ]",33.0,5.0,$$$$,146.0,"[ [ 'Refreshing', 'Worth Finding !!!' ], [ '08/30/2017', '06/22/2017' ] ]",/Restaurant_Review-g187265-d8805775-Reviews-Le_Supreme-Lyon_Rhone_Auvergne_Rhone_Alpes.html,d8805775
2605,Papagayo,Lyon,[ 'Diner' ],2606.0,2.0,$$$$,33.0,"[ [  ], [  ] ]",/Restaurant_Review-g187265-d1329792-Reviews-Papagayo-Lyon_Rhone_Auvergne_Rhone_Alpes.html,d1329792
435,Plenti,Madrid,"[ 'Cafe', 'Healthy', 'European', 'Vegetarian Friendly', 'Vegan Options', 'Gluten Free Options' ]",436.0,5.0,$,63.0,"[ [ 'aMazInG', 'Excellent eggs for breakfast' ], [ '12/17/2017', '12/11/2017' ] ]",/Restaurant_Review-g187514-d12400540-Reviews-Plenti-Madrid.html,d12400540
8777,El Oasis Restaurante,Madrid,"[ 'Spanish', 'South American', 'Ecuadorean' ]",8793.0,1.0,$,"","[ [  ], [  ] ]",/Restaurant_Review-g187514-d7779011-Reviews-El_Oasis_Restaurante-Madrid.html,d7779011
3,Astor,Madrid,"[ 'International', 'Mediterranean', 'European', 'Fusion', 'Vegetarian Friendly', 'Vegan Options', 'Gluten Free Options' ]",4.0,5.0,$$ - $$$,302.0,"[ [ 'Small place with big flavours', 'The best dining experience in Madrid' ], [ '01/06/2018', '01/05/2018' ] ]",/Restaurant_Review-g187514-d11896546-Reviews-Astor-Madrid.html,d11896546
8794,Faborit,Madrid,[ 'Healthy' ],"",-1.0,$$ - $$$,"","[ [  ], [  ] ]",/Restaurant_Review-g187514-d13133233-Reviews-Faborit-Madrid.html,d13133233
0,Cebo,Madrid,"[ 'Mediterranean', 'European', 'Spanish', 'Contemporary', 'Vegetarian Friendly', 'Vegan Options', 'Gluten Free Options' ]",1.0,5.0,$$$$,352.0,"[ [ 'Absolutely divine tastes and flavours', 'Loved it' ], [ '01/09/2018', '01/07/2018' ] ]",/Restaurant_Review-g187514-d10428302-Reviews-Cebo-Madrid.html,d10428302
8761,Elitte Piano Bar,Madrid,[ 'Spanish' ],8774.0,1.0,$$$$,"","[ [  ], [  ] ]",/Restaurant_Review-g187514-d11801646-Reviews-Elitte_Piano_Bar-Madrid.html,d11801646
728,Smooy,Milan,"[ 'Vegetarian Friendly', 'Gluten Free Options' ]",730.0,5.0,$,50.0,"[ [ 'A New Favorite!' ], [ '07/29/2017' ] ]",/Restaurant_Review-g187849-d10521076-Reviews-Smooy-Milan_Lombardy.html,d10521076
5857,Beynac,Milan,[ 'Italian' ],5860.0,2.0,$,22.0,"[ [ 'Great place, cheap cocktails, great view', '‚Ç¨5 cocktails and a cosy place to sit outsi...' ], [ '09/03/2017', '07/21/2017' ] ]",/Restaurant_Review-g187849-d8124557-Reviews-Beynac-Milan_Lombardy.html,d8124557
0,Dersett,Milan,"[ 'Italian', 'Mediterranean', 'Vegetarian Friendly', 'Gluten Free Options' ]",1.0,5.0,$$ - $$$,103.0,"[ [ 'A Gem Worth Discovering', 'Loeve the food and ambiente' ], [ '12/31/2017', '11/24/2017' ] ]",/Restaurant_Review-g187849-d12949211-Reviews-Dersett-Milan_Lombardy.html,d12949211
6274,Green Cafe,Milan,"[ 'Italian', 'Cafe', 'Fast Food', 'Mediterranean', 'European' ]","",-1.0,$$ - $$$,"","[ [  ], [  ] ]",/Restaurant_Review-g187849-d13355604-Reviews-Green_Cafe-Milan_Lombardy.html,d13355604
70,Sikelaia Ristorante,Milan,"[ 'Italian', 'Seafood', 'Mediterranean', 'European', 'Vegetarian Friendly', 'Gluten Free Options' ]",71.0,5.0,$$$$,154.0,"[ [ 'Delicious Sicilian fine dining, perfectly...', 'Superb' ], [ '12/17/2017', '11/25/2017' ] ]",/Restaurant_Review-g187849-d11955220-Reviews-Sikelaia_Ristorante-Milan_Lombardy.html,d11955220
3326,Giannino,Milan,"[ 'Italian', 'Mediterranean', 'European' ]",3328.0,3.0,$$$$,107.0,"[ [ 'Big Name for nothing special', 'Always a pleasure to come back' ], [ '03/14/2017', '11/09/2014' ] ]",/Restaurant_Review-g187849-d696564-Reviews-Giannino-Milan_Lombardy.html,d696564
336,Co Do Bistro,Munich,"[ 'Sushi', 'Asian', 'Thai', 'Vietnamese', 'Central Asian', 'Vegetarian Friendly' ]",338.0,5.0,$,24.0,"[ [ 'As good as it gets', 'great vietnamese' ], [ '10/02/2017', '02/26/2017' ] ]",/Restaurant_Review-g187309-d10281935-Reviews-Co_Do_Bistro-Munich_Upper_Bavaria_Bavaria.html,d10281935
2741,Mirror Munich Bar,Munich,"[ 'Bar', 'Cafe', 'Delicatessen', 'Pub', 'Wine Bar' ]","",-1.0,$,"","[ [  ], [  ] ]",/Restaurant_Review-g187309-d13123652-Reviews-Mirror_Munich_Bar-Munich_Upper_Bavaria_Bavaria.html,d13123652
23,Chopan Schwabing,Munich,"[ 'Middle Eastern', 'Afghani', 'Vegetarian Friendly', 'Vegan Options', 'Halal', 'Gluten Free Options' ]",24.0,5.0,$$ - $$$,255.0,"[ [ 'Amazing Amazing Food', 'Outstanding' ], [ '12/19/2017', '12/16/2017' ] ]",/Restaurant_Review-g187309-d8465523-Reviews-Chopan_Schwabing-Munich_Upper_Bavaria_Bavaria.html,d8465523
2740,Duca Jacampo Ristorante,Munich,[ 'Italian' ],2764.0,1.0,$$ - $$$,"","[ [ 'Will not be returning' ], [ '03/04/2017' ] ]",/Restaurant_Review-g187309-d10333931-Reviews-Duca_Jacampo_Ristorante-Munich_Upper_Bavaria_Bavaria.html,d10333931
140,Restaurant Ebert,Munich,"[ 'Contemporary', 'Vegetarian Friendly' ]",142.0,5.0,$$$$,63.0,"[ [ 'amazing dining experience', 'Fantastic food and great service' ], [ '08/15/2017', '07/19/2017' ] ]",/Restaurant_Review-g187309-d7374544-Reviews-Restaurant_Ebert-Munich_Upper_Bavaria_Bavaria.html,d7374544
2507,Prinzipal,Munich,[ 'International' ],2525.0,3.0,$$$$,21.0,"[ [ 'Poor', 'Cake ok, coffee bad' ], [ '07/18/2015', '08/03/2014' ] ]",/Restaurant_Review-g187309-d5532104-Reviews-Prinzipal-Munich_Upper_Bavaria_Bavaria.html,d5532104
58,Puorto,Oporto,"[ 'American', 'Bar', 'Fast Food', 'International', 'European', 'Pub', 'Vegetarian Friendly' ]",59.0,5.0,$,77.0,"[ [ 'I Love Burgers!!!!', 'The best meat in town' ], [ '02/23/2018', '02/21/2018' ] ]",/Restaurant_Review-g189180-d11877915-Reviews-Puorto-Porto_Porto_District_Northern_Portugal.html,d11877915
1456,Cafe Capelio,Oporto,"[ 'Portuguese', 'European' ]",1457.0,2.0,$,48.0,"[ [ 'Awful food but nice spot by the river', 'Sangria' ], [ '10/24/2017', '11/25/2017' ] ]",/Restaurant_Review-g189180-d10456614-Reviews-Cafe_Capelio-Porto_Porto_District_Northern_Portugal.html,d10456614
29,Terra Nova,Oporto,"[ 'Mediterranean', 'European', 'Contemporary', 'Portuguese', 'Wine Bar', 'Vegetarian Friendly', 'Vegan Options', 'Gluten Free Options' ]",30.0,5.0,$$ - $$$,98.0,"[ [ 'Amazing food!!!', 'Excelent food, premium service and the mos...' ], [ '02/18/2018', '02/07/2018' ] ]",/Restaurant_Review-g189180-d13000978-Reviews-Terra_Nova-Porto_Porto_District_Northern_Portugal.html,d13000978
1489,Beca Toga,Oporto,"[ 'European', 'Portuguese' ]",1490.0,1.0,$$ - $$$,"","[ [  ], [  ] ]",/Restaurant_Review-g189180-d10370525-Reviews-Beca_Toga-Porto_Porto_District_Northern_Portugal.html,d10370525
0,MUU Steakhouse,Oporto,"[ 'Steakhouse', 'European', 'Portuguese', 'Vegetarian Friendly', 'Vegan Options', 'Gluten Free Options' ]",1.0,5.0,$$$$,331.0,"[ [ 'Wow', 'Amazing food and service' ], [ '02/17/2018', '02/17/2018' ] ]",/Restaurant_Review-g189180-d12966802-Reviews-MUU_Steakhouse-Porto_Porto_District_Northern_Portugal.html,d12966802
221,Rib Beef & Wine Porto,Oporto,"[ 'Steakhouse', 'European', 'Gluten Free Options' ]",222.0,3.5,$$$$,616.0,"[ [ 'Tomahawk steak', 'Chosen by coincidence, but shown as good d...' ], [ '02/24/2018', '01/03/2018' ] ]",/Restaurant_Review-g189180-d9457682-Reviews-Rib_Beef_Wine_Porto-Porto_Porto_District_Northern_Portugal.html,d9457682
33,Habits Coffee,Oslo,"[ 'Cafe', 'Middle Eastern', 'Soups', 'Vegetarian Friendly', 'Vegan Options', 'Gluten Free Options' ]",34.0,5.0,$,81.0,"[ [ 'Great caf√© in Oslo', 'Best lentil soup ever!!!' ], [ '01/02/2018', '12/31/2017' ] ]",/Restaurant_Review-g190479-d11704893-Reviews-Habits_Coffee-Oslo_Eastern_Norway.html,d11704893
1126,Cafe 33,Oslo,"[ 'Mexican', 'Pizza', 'International', 'European' ]",1129.0,2.0,$,7.0,"[ [ 'Binge-drinking Palace that refuses black p...', 'Tasty Mexican food!' ], [ '02/09/2014', '04/26/2013' ] ]",/Restaurant_Review-g190479-d3512171-Reviews-Cafe_33-Oslo_Eastern_Norway.html,d3512171
80,Restaurant Fangst,Oslo,"[ 'Japanese', 'Seafood', 'Sushi', 'Fusion', 'Norwegian', 'Vegetarian Friendly' ]",81.0,5.0,$$ - $$$,40.0,"[ [ 'No angst with Fangst', 'Excellent food. We went back again two nig...' ], [ '11/15/2017', '10/02/2017' ] ]",/Restaurant_Review-g190479-d10793401-Reviews-Restaurant_Fangst-Oslo_Eastern_Norway.html,d10793401
1101,Shalimar Tandoori Restaurant,Oslo,"[ 'Indian', 'Pakistani', 'Middle Eastern' ]",1103.0,2.0,$$ - $$$,35.0,"[ [ 'Stay home', 'Great food, good prices and very good serv...' ], [ '10/03/2017', '03/27/2015' ] ]",/Restaurant_Review-g190479-d894260-Reviews-Shalimar_Tandoori_Restaurant-Oslo_Eastern_Norway.html,d894260
2,hos Thea,Oslo,"[ 'French', 'European', 'Scandinavian', 'Norwegian', 'Vegetarian Friendly', 'Vegan Options', 'Gluten Free Options' ]",3.0,5.0,$$$$,1062.0,"[ [ 'Absolutely amazing', 'Amazingly lovely experience' ], [ '01/06/2018', '12/31/2017' ] ]",/Restaurant_Review-g190479-d1045646-Reviews-Hos_Thea-Oslo_Eastern_Norway.html,d1045646
159,Grand Cafe Oslo,Oslo,"[ 'International', 'European', 'Scandinavian', 'Norwegian', 'Vegetarian Friendly', 'Vegan Options', 'Gluten Free Options' ]",160.0,3.5,$$$$,227.0,"[ [ 'Saturday lunch in January', 'breakfast restaurant of the Grand Hotel' ], [ '01/06/2018', '01/03/2018' ] ]",/Restaurant_Review-g190479-d2275405-Reviews-Grand_Cafe_Oslo-Oslo_Eastern_Norway.html,d2275405
284,Cook' n Saj,Paris,"[ 'Lebanese', 'Mediterranean', 'Middle Eastern', 'Vegetarian Friendly', 'Vegan Options' ]",285.0,5.0,$,93.0,"[ [ 'Warm, friendly, and fantastic food', 'Most welcoming place ever' ], [ '01/04/2018', '11/27/2017' ] ]",/Restaurant_Review-g187147-d11929974-Reviews-Cook_n_Saj-Paris_Ile_de_France.html,d11929974
13983,Le Rapide Montmartre,Paris,"[ 'Indian', 'Street Food' ]","",-1.0,$,"","[ [  ], [  ] ]",/Restaurant_Review-g187147-d11800918-Reviews-Le_Rapide_Montmartre-Paris_Ile_de_France.html,d11800918
1,Le Cappiello,Paris,"[ 'French', 'Mediterranean', 'European', 'Contemporary', 'Vegetarian Friendly', 'Vegan Options', 'Gluten Free Options' ]",2.0,5.0,$$ - $$$,208.0,"[ [ 'Incredible!', 'Amazing food, wonderful atmosphere!' ], [ '01/02/2018', '01/01/2018' ] ]",/Restaurant_Review-g187147-d12082727-Reviews-Le_Cappiello-Paris_Ile_de_France.html,d12082727
13982,At Home,Paris,"[ 'French', 'European', 'Albanian' ]","",-1.0,$$ - $$$,"","[ [  ], [  ] ]",/Restaurant_Review-g187147-d10794845-Reviews-At_Home-Paris_Ile_de_France.html,d10794845
2,ASPIC,Paris,"[ 'French', 'European', 'Contemporary' ]",3.0,5.0,$$$$,427.0,"[ [ 'Second time and just as good', 'Best dinner in Paris by far' ], [ '01/06/2018', '01/03/2018' ] ]",/Restaurant_Review-g187147-d9806534-Reviews-ASPIC-Paris_Ile_de_France.html,d9806534
13988,"L'Entente, Le British Brasserie",Paris,"[ 'European', 'British' ]","",-1.0,$$$$,2.0,"[ [ 'Excellent service, delicious food', 'British Brasserie' ], [ '01/07/2018', '01/07/2018' ] ]",/Restaurant_Review-g187147-d13337132-Reviews-L_Entente_Le_British_Brasserie-Paris_Ile_de_France.html,d13337132
174,Johnny Pizza,Prague,"[ 'Italian', 'Pizza', 'Fast Food', 'European', 'Vegetarian Friendly', 'Vegan Options' ]",175.0,5.0,$,91.0,"[ [ 'Great Pizza & Owner', 'Opens late' ], [ '12/06/2017', '10/26/2017' ] ]",/Restaurant_Review-g274707-d8358667-Reviews-Johnny_Pizza-Prague_Bohemia.html,d8358667
4166,Burger Letna,Prague,"[ 'Mexican', 'American' ]","",-1.0,$,"","[ [ 'Simply Great Burgers!' ], [ '01/09/2018' ] ]",/Restaurant_Review-g274707-d12956452-Reviews-Burger_Letna-Prague_Bohemia.html,d12956452
0,Wine O'Clock Shop Prague,Prague,"[ 'Italian', 'Mediterranean', 'European', 'Wine Bar', 'International', 'Vegetarian Friendly', 'Gluten Free Options' ]",1.0,5.0,$$ - $$$,967.0,"[ [ 'Best dinner in prague!', 'Lovely evening' ], [ '01/09/2018', '01/07/2018' ] ]",/Restaurant_Review-g274707-d8374547-Reviews-Wine_O_Clock_Shop_Prague-Prague_Bohemia.html,d8374547
4128,Ristorante Pizzeria Lamberty,Prague,[ 'European' ],4146.0,1.0,$$ - $$$,178.0,"[ [ 'Charged ¬£6.80 for half a litre of water', 'short stop' ], [ '08/18/2017', '06/28/2017' ] ]",/Restaurant_Review-g274707-d1911017-Reviews-Ristorante_Pizzeria_Lamberty-Prague_Bohemia.html,d1911017
3,Portfolio restaurant,Prague,"[ 'International', 'European', 'Vegetarian Friendly', 'Vegan Options', 'Gluten Free Options' ]",4.0,5.0,$$$$,884.0,"[ [ 'New year break', 'Perfect for a couple getaway' ], [ '01/07/2018', '01/06/2018' ] ]",/Restaurant_Review-g274707-d10299686-Reviews-Portfolio_restaurant-Prague_Bohemia.html,d10299686
4124,Mystic Cafe,Prague,"[ 'Czech', 'European', 'Central European' ]",4142.0,1.0,$$$$,255.0,"[ [ 'Too many cons', 'High prices' ], [ '01/05/2018', '01/05/2018' ] ]",/Restaurant_Review-g274707-d1230383-Reviews-Mystic_Cafe-Prague_Bohemia.html,d1230383
1,Pane e Salame,Rome,"[ 'Italian', 'Street Food', 'Vegetarian Friendly' ]",2.0,5.0,$,4867.0,"[ [ 'Very nice panini', 'The best' ], [ '01/07/2018', '01/03/2018' ] ]",/Restaurant_Review-g187791-d10044289-Reviews-Pane_e_Salame-Rome_Lazio.html,d10044289
1081,La Montecarlo,Rome,"[ 'Italian', 'Pizza', 'Mediterranean', 'Vegetarian Friendly' ]",1082.0,3.5,$,3015.0,"[ [ 'Delicious', 'Wish we like it more.' ], [ '12/23/2017', '11/03/2017' ] ]",/Restaurant_Review-g187791-d785325-Reviews-La_Montecarlo-Rome_Lazio.html,d785325
0,Federica & Barbara of BB Kitchen,Rome,[ 'Italian' ],1.0,5.0,$$ - $$$,409.0,"[ [ 'Unmissable experience', 'Magical evening' ], [ '01/03/2018', '01/02/2018' ] ]",/Restaurant_Review-g187791-d11752096-Reviews-Federica_Barbara_of_BB_Kitchen-Rome_Lazio.html,d11752096
2556,Urbana 47,Rome,"[ 'Italian', 'Mediterranean', 'Vegetarian Friendly', 'Vegan Options', 'Gluten Free Options' ]",2557.0,3.0,$$ - $$$,1392.0,"[ [ 'Salty', 'A quick lunch' ], [ '11/14/2017', '11/12/2017' ] ]",/Restaurant_Review-g187791-d1153254-Reviews-Urbana_47-Rome_Lazio.html,d1153254
438,Ristorante Seiperdue,Rome,"[ 'Healthy', 'Seafood', 'International', 'Mediterranean', 'Vegetarian Friendly', 'Vegan Options', 'Gluten Free Options' ]",439.0,5.0,$$$$,73.0,"[ [ 'Amazing experience!', 'Excellent dining experience!' ], [ '11/03/2017', '10/30/2017' ] ]",/Restaurant_Review-g187791-d11857366-Reviews-Ristorante_Seiperdue-Rome_Lazio.html,d11857366
1290,Dal Bolognese,Rome,"[ 'Italian', 'Mediterranean', 'Vegetarian Friendly', 'Vegan Options', 'Gluten Free Options' ]",1291.0,3.5,$$$$,973.0,"[ [ 'A Great restaurant', 'not a posive experience' ], [ '01/05/2018', '11/24/2017' ] ]",/Restaurant_Review-g187791-d783010-Reviews-Dal_Bolognese-Rome_Lazio.html,d783010
216,Fuori Di Pizza,Stockholm,"[ 'Italian', 'Pizza', 'European', 'Vegetarian Friendly', 'Vegan Options' ]",217.0,5.0,$,69.0,"[ [ 'New Owner (and name) but pizza is excellen...', 'Best pizza in town' ], [ '08/26/2017', '08/26/2017' ] ]",/Restaurant_Review-g189852-d6456737-Reviews-Fuori_Di_Pizza-Stockholm.html,d6456737
2404,Trafiket,Stockholm,"[ 'European', 'Grill', 'Scandinavian' ]",2408.0,2.0,$,7.0,"[ [  ], [  ] ]",/Restaurant_Review-g189852-d793197-Reviews-Trafiket-Stockholm.html,d793197
194,Hattori Sushi Devil,Stockholm,"[ 'Japanese', 'Sushi', 'Asian', 'Vegetarian Friendly' ]",195.0,5.0,$$ - $$$,38.0,"[ [ 'Top 5 best ever eaten sushi', 'Good quality sushi' ], [ '12/16/2017', '11/10/2017' ] ]",/Restaurant_Review-g189852-d7180031-Reviews-Hattori_Sushi_Devil-Stockholm.html,d7180031
2444,Royal India,Stockholm,[ 'Indian' ],2448.0,1.5,$$ - $$$,4.0,"[ [  ], [  ] ]",/Restaurant_Review-g189852-d11905507-Reviews-Royal_India-Stockholm.html,d11905507
86,Kagges,Stockholm,"[ 'European', 'Swedish', 'Scandinavian', 'Vegetarian Friendly', 'Gluten Free Options' ]",87.0,5.0,$$$$,59.0,"[ [ 'Great value, swift and great service', 'Small and fantastic restaurant in Gamla St...' ], [ '11/10/2017', '09/28/2017' ] ]",/Restaurant_Review-g189852-d12437736-Reviews-Kagges-Stockholm.html,d12437736
2408,Per Lei,Stockholm,[ 'Italian' ],2412.0,2.0,$$$$,"","[ [  ], [  ] ]",/Restaurant_Review-g189852-d2011682-Reviews-Per_Lei-Stockholm.html,d2011682
150,daily Imbiss,Vienna,"[ 'Indian', 'Asian', 'Vegetarian Friendly' ]",151.0,5.0,$,42.0,"[ [ 'Recommended', 'The Best restaurant In Vienna' ], [ '01/06/2018', '12/28/2017' ] ]",/Restaurant_Review-g190454-d10846199-Reviews-Daily_Imbiss-Vienna.html,d10846199
3438,Admiral Arena Prater Sportsbar,Vienna,"[ 'Austrian', 'Bar', 'Pizza', 'European', 'Pub' ]","",-1.0,$,"","[ [  ], [  ] ]",/Restaurant_Review-g190454-d13202470-Reviews-Admiral_Arena_Prater_Sportsbar-Vienna.html,d13202470
183,Senhor Vinho,Vienna,"[ 'Mediterranean', 'European', 'Portuguese', 'Vegetarian Friendly' ]",184.0,5.0,$$ - $$$,140.0,"[ [ 'Portugal in Vienna', 'Excellent authentic Portuguese food' ], [ '01/03/2018', '09/24/2017' ] ]",/Restaurant_Review-g190454-d3529293-Reviews-Senhor_Vinho-Vienna.html,d3529293
3413,Cafe Patisserie Telegraph,Vienna,"[ 'Italian', 'American', 'Austrian', 'International', 'Scandinavian' ]",3415.0,1.5,$$ - $$$,2.0,"[ [ 'Sadly disappointing.' ], [ '05/31/2017' ] ]",/Restaurant_Review-g190454-d12293525-Reviews-Cafe_Patisserie_Telegraph-Vienna.html,d12293525
1061,Agent Oscar,Vienna,"[ 'Bar', 'Pub' ]",1062.0,5.0,$$$$,9.0,"[ [ 'Great place!', 'Great cocktails, addictive popcorn' ], [ '11/10/2017', '10/09/2017' ] ]",/Restaurant_Review-g190454-d10757545-Reviews-Agent_Oscar-Vienna.html,d10757545
3231,lutz - der club,Vienna,[ 'International' ],3233.0,2.5,$$$$,3.0,"[ [ 'Nothing special' ], [ '03/30/2017' ] ]",/Restaurant_Review-g190454-d10388896-Reviews-Lutz_der_club-Vienna.html,d10388896
0,San Thai,Warsaw,"[ 'Thai', 'Asian', 'Vegetarian Friendly', 'Gluten Free Options', 'Vegan Options' ]",1.0,5.0,$,108.0,"[ [ 'Great experience', 'Best Thai food out of Thailand!' ], [ '01/03/2018', '01/02/2018' ] ]",/Restaurant_Review-g274856-d12871486-Reviews-San_Thai-Warsaw_Mazovia_Province_Central_Poland.html,d12871486
2135,Organic Coffee & More,Warsaw,"[ 'Cafe', 'Healthy', 'Vegetarian Friendly', 'Vegan Options', 'Gluten Free Options' ]",2139.0,1.0,$,"","[ [  ], [  ] ]",/Restaurant_Review-g274856-d10844360-Reviews-Organic_Coffee_More-Warsaw_Mazovia_Province_Central_Poland.html,d10844360
203,Mia Famiglia,Warsaw,[ 'Italian' ],204.0,5.0,$$ - $$$,31.0,"[ [ 'True italian cuisine', 'true Italian' ], [ '11/21/2017', '10/25/2017' ] ]",/Restaurant_Review-g274856-d10701001-Reviews-Mia_Famiglia-Warsaw_Mazovia_Province_Central_Poland.html,d10701001
2141,Grill Inn,Warsaw,"[ 'Lebanese', 'Mediterranean', 'Turkish' ]",2150.0,1.0,$$ - $$$,2.0,"[ [ 'Get with the times' ], [ '09/23/2017' ] ]",/Restaurant_Review-g274856-d11890686-Reviews-Grill_Inn-Warsaw_Mazovia_Province_Central_Poland.html,d11890686
788,TECZA OD KUCHNI,Warsaw,"[ 'International', 'European', 'Contemporary', 'Fusion', 'Healthy' ]",789.0,5.0,$$$$,5.0,"[ [ 'Excellent Food and Service, Great Location...', 'Tecza od Kuchni' ], [ '01/10/2018', '10/08/2017' ] ]",/Restaurant_Review-g274856-d12866385-Reviews-TECZA_OD_KUCHNI-Warsaw_Mazovia_Province_Central_Poland.html,d12866385
1997,Rico's Concept,Warsaw,"[ 'Chinese', 'Asian', 'Fusion' ]",1998.0,3.0,$$$$,12.0,"[ [ 'Great Location, Poor Food', 'Very strange place and food' ], [ '09/12/2017', '09/13/2017' ] ]",/Restaurant_Review-g274856-d12238272-Reviews-Rico_s_Concept-Warsaw_Mazovia_Province_Central_Poland.html,d12238272
117,Hasta Ice Cream,Zurich,"[ 'Italian', 'Swiss', 'European', 'Argentinean', 'South American', 'Vegetarian Friendly', 'Vegan Options', 'Gluten Free Options' ]",118.0,5.0,$,28.0,"[ [ 'Amazing!', 'Delicious' ], [ '09/04/2017', '07/31/2017' ] ]",/Restaurant_Review-g188113-d12503005-Reviews-Hasta_Ice_Cream-Zurich.html,d12503005
1546,Domino's Pizza,Zurich,[ 'Italian' ],1552.0,2.0,$,16.0,"[ [ 'Good deals, if you know the system', 'DELIVERY: Waited 2h 15 min for our Pizza' ], [ '06/05/2016', '09/02/2015' ] ]",/Restaurant_Review-g188113-d1202473-Reviews-Domino_s_Pizza-Zurich.html,d1202473
22,Restaurant Nihao,Zurich,"[ 'Chinese', 'Japanese', 'Sushi', 'Asian', 'Thai', 'Vegetarian Friendly' ]",23.0,5.0,$$ - $$$,68.0,"[ [ 'Lovely!', 'Best Chinese restaurant in town' ], [ '01/06/2018', '12/02/2017' ] ]",/Restaurant_Review-g188113-d12284542-Reviews-Restaurant_Nihao-Zurich.html,d12284542
1590,not guilty Bellevue,Zurich,"[ 'International', 'European', 'Contemporary', 'Healthy' ]",1596.0,1.0,$$ - $$$,"","[ [  ], [  ] ]",/Restaurant_Review-g188113-d12378701-Reviews-Not_guilty_Bellevue-Zurich.html,d12378701
29,Ecco,Zurich,"[ 'European', 'Central European', 'Vegetarian Friendly', 'Vegan Options' ]",30.0,5.0,$$$$,90.0,"[ [ 'Great ambience, wonderful food!', 'Wonderful gastronomic experience!' ], [ '12/11/2017', '12/07/2017' ] ]",/Restaurant_Review-g188113-d9561475-Reviews-Ecco-Zurich.html,d9561475
1593,Hukka Restaurant & Hookah Lounge,Zurich,"[ 'German', 'Belgian', 'Mediterranean', 'European' ]",1601.0,1.0,$$$$,"","[ [  ], [  ] ]",/Restaurant_Review-g188113-d11796028-Reviews-Hukka_Restaurant_Hookah_Lounge-Zurich.html,d11796028
